{"n_samples": {"3": 37500, "4": 37500, "5": 37500, "6": 37500, "7": 37500, "8": 37500, "9": 37500, "10": 37500}, "n_clauses_mean": {"3": 19.328426666666665, "4": 30.384933333333333, "5": 38.923946666666666, "6": 45.58808, "7": 51.73688, "8": 57.19469333333333, "9": 62.74389333333333, "10": 68.02626666666667}, "n_clauses_std": {"3": 7.850083816407454, "4": 11.144383921758777, "5": 13.079505694934431, "6": 14.284018175812202, "7": 15.12595896240191, "8": 15.912688056158904, "9": 16.48013620621167, "10": 16.990261624301795}}